Titulo,Taquilla_USD,Ano_Estreno,Director,Oscars
El Secreto Bajo las Estrellas,1934000000,1950,Peter Jackson,4
El Leyenda Profundo,347000000,1978,Steven Spielberg,10
El Ecos Inolvidable,1027000000,2010,Peter Jackson,1
El Viento Inolvidable,375000000,2015,Christopher Nolan,4
El Tormenta Eterno,361000000,1939,Denis Villeneuve,2
El Espíritu Profundo,2190000000,1965,Alfonso Cuarón,11
El Victoria Profundo,2073000000,1962,Ron Howard,3
El Reino Silencioso,2021000000,1966,David Fincher,7
El Camino Salvaje,864000000,1947,Quentin Tarantino,11
El Tierra Oculto,1850000000,1980,Francis Ford Coppola,7
El Reino Profundo,1997000000,1941,Quentin Tarantino,1
El Cicatriz Infinita,1734000000,1978,Quentin Tarantino,4
El Ecos Oculto,869000000,1959,Ron Howard,8
El Espíritu Oculto,659000000,1989,Greta Gerwig,5
El Cielo Último,1979000000,1966,Martin Scorsese,8
El Secreto Sagrado,486000000,1941,Ron Howard,1
El Memoria Perdido,467000000,1965,Greta Gerwig,7
El Tormenta Profundo,2074000000,1996,James Cameron,7
El Universo Oscuro,325000000,1956,Bong Joon-ho,1
El Camino Oculto,1684000000,1968,Clint Eastwood,5
El Leyenda Furtivo,1817000000,2024,Ron Howard,11
El Universo Glorioso,2078000000,1954,James Cameron,5
El Silencio Prohibido,976000000,1942,Alejandro G. Iñárritu,9
El Camino Último,334000000,1975,Christopher Nolan,1
El Ángel Sagrado,2037000000,1999,Oliver Stone,3
El Cicatriz Inolvidable,317000000,2000,Martin Scorsese,3
El Alma Profundo,365000000,2011,Martin Scorsese,11
El Promesa Bajo las Estrellas,1048000000,1986,Quentin Tarantino,10
El Alma Prohibido,1093000000,2009,Sam Mendes,1
El Tierra Furtivo,420000000,1988,Alejandro G. Iñárritu,10
El Sueño Bajo las Estrellas,1380000000,1968,James Cameron,11
El Reino Oscuro,1371000000,1965,Alfonso Cuarón,7
El Ecos del Pasado,621000000,2020,Ridley Scott,8
El Viento Glorioso,1380000000,1944,Steven Spielberg,8
El Viento Eterno,494000000,1944,Ron Howard,4
El Camino Profundo,2157000000,1968,Guillermo del Toro,6
El Reino Salvaje,366000000,1966,Damien Chazelle,5
El Camino Eterno,731000000,1991,Ron Howard,5
El Luz Salvaje,117000000,2020,Ron Howard,5
El Cielo Furtivo,509000000,1952,Alfonso Cuarón,2
El Espíritu Prohibido,523000000,2005,Guillermo del Toro,5
El Cicatriz Bajo las Estrellas,1239000000,2012,James Cameron,6
El Sombra Último,918000000,2022,Alfonso Cuarón,9
El Cicatriz Oscuro,2086000000,1967,Christopher Nolan,2
El Espíritu Perdido,1819000000,1970,Christopher Nolan,1
El Secreto Furtivo,1451000000,1951,Alfonso Cuarón,3
El Leyenda Perdido,1894000000,2005,Francis Ford Coppola,9
El Sueño Perdido,124000000,1949,Martin Scorsese,3
El Leyenda Eterno,232000000,1982,Alejandro G. Iñárritu,9
El Luz Inolvidable,691000000,1990,Guillermo del Toro,1
El Leyenda Último,1347000000,1981,Christopher Nolan,6
El Imperio Sagrado,945000000,2022,Peter Jackson,11
El Sombra Olvidado,506000000,1980,Ron Howard,7
El Camino Olvidado,718000000,1965,Greta Gerwig,3
El Sueño Salvaje,1773000000,1938,Greta Gerwig,6
El Espíritu Oscuro,1771000000,2020,Peter Jackson,5
El Leyenda Bajo las Estrellas,737000000,2024,Quentin Tarantino,7
El Destino Furtivo,243000000,1995,Peter Jackson,4
El Horizonte del Pasado,1970000000,1979,Ridley Scott,4
El Universo Inolvidable,998000000,1938,James Cameron,7
El Destino Perdido,1429000000,1970,Martin Scorsese,5
El Leyenda Inolvidable,1523000000,2017,Oliver Stone,7
El Imperio Profundo,1441000000,1938,Quentin Tarantino,5
El Silencio Salvaje,816000000,2009,Alfonso Cuarón,1
El Cielo Salvaje,529000000,2011,Francis Ford Coppola,6
El Tiempo Sagrado,1369000000,1990,Sam Mendes,9
El Ecos Sagrado,558000000,1984,Alejandro G. Iñárritu,4
El Camino Furtivo,1128000000,1940,Francis Ford Coppola,1
El Tiempo Glorioso,892000000,1981,Francis Ford Coppola,2
El Luz Oscuro,1437000000,2014,Denis Villeneuve,11
El Ecos Profundo,595000000,1973,Oliver Stone,5
El Sombra Glorioso,1757000000,1976,Bong Joon-ho,5
El Victoria Eterno,606000000,1959,Francis Ford Coppola,11
El Victoria Oculto,1637000000,2021,Greta Gerwig,10
El Cicatriz Salvaje,1317000000,1986,Ron Howard,1
El Espíritu Último,1329000000,1971,James Cameron,7
El Leyenda Oculto,1404000000,1994,Clint Eastwood,8
El Memoria Oscuro,960000000,2000,David Fincher,3
El Universo del Pasado,432000000,1971,Oliver Stone,11
El Tiempo Infinita,1457000000,1946,Peter Jackson,11
El Ecos Dorado,1356000000,1963,James Cameron,3
El Camino Bajo las Estrellas,185000000,1940,Peter Jackson,8
El Reino Prohibido,383000000,1993,Francis Ford Coppola,11
El Horizonte Olvidado,881000000,2024,Bong Joon-ho,8
El Tormenta del Pasado,1721000000,1966,Guillermo del Toro,11
El Alma Glorioso,107000000,1948,Francis Ford Coppola,4
El Reino Eterno,805000000,2024,Oliver Stone,8
El Ángel Último,290000000,2006,Peter Jackson,2
El Tiempo Perdido,1954000000,1952,Clint Eastwood,11
El Ángel Silencioso,1384000000,1991,Sam Mendes,9
El Sombra Furtivo,1832000000,2005,Clint Eastwood,3
El Secreto Infinita,2029000000,1992,Alfonso Cuarón,4
El Ecos Último,1220000000,2001,David Fincher,11
El Río del Pasado,1064000000,1970,Clint Eastwood,2
El Secreto Oscuro,1255000000,1965,Alfonso Cuarón,6
El Fuego Profundo,1394000000,2004,Martin Scorsese,3
El Ecos Infinita,702000000,1964,Bong Joon-ho,3
El Alma del Pasado,961000000,1943,Francis Ford Coppola,7
El Río Eterno,1440000000,2004,Clint Eastwood,7
El Sueño Profundo,340000000,1961,Francis Ford Coppola,7
